timestamp,experiment_id,scenario,source,destination,traffic_type,requested_mbps,throughput_mbps,latency_ms,jitter_ms,packet_loss_percent,lost_packets,total_packets,bandwidth_mbps,utilization_percent,active_flows,queue_size,queue_drops
2026-10-08T20:55:35.422975+00:00,2207c9dc-153c-4ea5-adb2-a1cb3f6e8915,normal,h1,server,udp,3,3.0,20.26,0.014,0.0,0,5180,10.0,30.0,1,0,19768
2026-10-08T20:56:17.198666+00:00,e4ce34e8-7225-4e09-b7de-c2b5c8421420,congestion,h1,server,udp,4,3.34,20.136,0.57,12.0,798,6906,10.0,97.0,4,8,39556
2026-10-08T20:56:21.237558+00:00,e4ce34e8-7225-4e09-b7de-c2b5c8421420,congestion,h2,server,udp,4,2.73,20.261,0.358,28.0,1910,6906,10.0,97.0,4,8,39556
2026-10-08T20:56:25.299635+00:00,e4ce34e8-7225-4e09-b7de-c2b5c8421420,congestion,h3,server,udp,4,1.94,20.278,0.182,49.0,3351,6906,10.0,97.0,4,8,39556
2026-10-08T20:56:29.329171+00:00,e4ce34e8-7225-4e09-b7de-c2b5c8421420,congestion,h4,server,udp,4,1.69,20.843,0.543,55.0,3823,6906,10.0,97.0,4,8,39556
2026-10-08T20:56:59.379593+00:00,46901958-3afb-4aac-9d65-519b97c9c440,burst,h1,server,udp,8,7.95,20.197,0.011,0.0,0,2072,10.0,79.5,1,0,39556
2026-10-08T20:57:08.552320+00:00,46901958-3afb-4aac-9d65-519b97c9c440,burst,h1,server,udp,8,7.95,20.17,0.021,0.0,0,2072,10.0,79.5,1,0,0
2026-10-08T20:57:20.661921+00:00,46901958-3afb-4aac-9d65-519b97c9c440,burst,h1,server,udp,8,7.95,20.103,0.015,0.0,0,2072,10.0,79.5,1,0,0
2026-10-08T20:57:29.833343+00:00,46901958-3afb-4aac-9d65-519b97c9c440,burst,h1,server,udp,8,7.95,20.114,0.008,0.0,0,2072,10.0,79.5,1,0,0
2026-10-08T20:57:38.997805+00:00,46901958-3afb-4aac-9d65-519b97c9c440,burst,h1,server,udp,8,7.95,20.131,0.013,0.0,0,2072,10.0,79.5,1,0,0
2026-10-09T13:08:10.569445+00:00,e886d4ae-b436-445e-b184-c5b6841530e4,normal,h1,server,udp,3,3.0,20.177799999999998,0.01,0.0,0,5180,10.0,30.0,1,3,0
2026-10-09T13:11:13.881584+00:00,bff0ae8d-9ed0-4d24-a92f-1dce70332647,congestion,h1,server,udp,4,2.73,276.2046666666667,0.64,28.0,1910,6906,10.0,94.7,4,0,20542
2026-10-09T13:11:13.885496+00:00,bff0ae8d-9ed0-4d24-a92f-1dce70332647,congestion,h2,server,udp,4,3.28,276.2046666666667,0.749,13.0,888,6906,10.0,94.7,4,0,20542
2026-10-09T13:11:13.894199+00:00,bff0ae8d-9ed0-4d24-a92f-1dce70332647,congestion,h3,server,udp,4,1.86,276.2046666666667,0.847,51.0,3494,6906,10.0,94.7,4,0,20542
2026-10-09T13:11:13.902195+00:00,bff0ae8d-9ed0-4d24-a92f-1dce70332647,congestion,h4,server,udp,4,1.6,276.2046666666667,0.991,58.0,3977,6906,10.0,94.7,4,0,20542
2026-10-09T13:12:49.639696+00:00,7d4c9e10-e4cc-4195-bd4e-9f8117f50c91,burst,h1,server,udp,8,7.95,20.3615,0.012,0.0,0,2072,10.0,79.5,1,7,0
2026-10-09T13:12:54.824536+00:00,7d4c9e10-e4cc-4195-bd4e-9f8117f50c91,burst,h1,server,udp,8,7.95,20.10325,0.01,0.0,0,2072,10.0,79.5,1,7,0
2026-10-09T13:13:00.005645+00:00,7d4c9e10-e4cc-4195-bd4e-9f8117f50c91,burst,h1,server,udp,8,7.95,20.148249999999997,0.039,0.0,0,2072,10.0,79.5,1,7,0
2026-10-09T13:13:05.189158+00:00,7d4c9e10-e4cc-4195-bd4e-9f8117f50c91,burst,h1,server,udp,8,7.95,20.10925,0.044,0.0,0,2072,10.0,79.5,1,7,0
2026-10-09T13:13:10.374163+00:00,7d4c9e10-e4cc-4195-bd4e-9f8117f50c91,burst,h1,server,udp,8,7.94,20.12925,0.085,0.0,0,2072,10.0,79.4,1,7,0
2026-10-09T13:46:25.961542+00:00,a7540c59-d416-4e6d-bf8e-fd1a1492a81a,moderate,h1,server,udp,6,5.99,20.24775,0.014,0.0,0,10359,10.0,59.9,1,6,0
2026-10-09T14:32:06.498424+00:00,ebe10f76-506c-4df9-af87-8e119da63c1a,moderate,h1,server,udp,7.0,6.99,20.14535,0.023,0.0,0,12086,10.0,69.9,1,7,0
2026-10-09T14:33:09.660404+00:00,96e5c670-72ab-4b65-8370-deeebbe06567,moderate,h1,server,udp,7.5,7.49,20.25425,0.01,0.0,0,12949,10.0,74.9,1,8,0
2026-10-09T14:34:42.241544+00:00,9fc3e559-03f1-4571-9a0f-b61564192ae2,moderate,h1,server,udp,8.0,7.99,20.34235,0.019,0.0,0,13812,10.0,79.9,1,8,0
2026-10-09T14:35:45.174071+00:00,0920eee2-9718-4323-9d9d-4ef4c91bc86e,moderate,h1,server,udp,8.2,8.19,20.436500000000002,0.009,0.0,0,14157,10.0,81.9,1,8,0
2026-10-09T14:47:00.864130+00:00,88fdde76-5a02-4b1e-89ca-f0538aa161fa,moderate,h1,server,udp,8.2,8.19,20.8875,0.013,0.0,0,14157,10.0,81.9,1,9,0
2026-10-09T14:49:06.628007+00:00,1c32f07b-deae-44f4-888d-afa0aad9eb73,moderate,h1,server,udp,8.2,8.19,20.2519,0.011,0.0,0,14157,10.0,81.9,1,8,0
2026-10-09T14:55:27.610188+00:00,05661b23-4e1b-4345-942e-9762386b98df,moderate,h1,server,udp,8.2,8.19,20.15475,0.017,0.0,0,14157,10.0,81.9,1,8,0
2026-10-09T15:05:16.009870+00:00,99e84b8a-7208-4b20-8081-348ba8af714b,congestion,h1,server,udp,4,2.34,300.4343,0.556,38.0,2611,6903,10.0,97.1,4,1000,19704
2026-10-09T15:05:16.017157+00:00,99e84b8a-7208-4b20-8081-348ba8af714b,congestion,h2,server,udp,4,2.43,300.4343,0.513,36.0,2457,6906,10.0,97.1,4,1000,19704
2026-10-09T15:05:16.033810+00:00,99e84b8a-7208-4b20-8081-348ba8af714b,congestion,h3,server,udp,4,3.16,300.4343,0.618,16.0,1131,6906,10.0,97.1,4,1000,19704
2026-10-09T15:05:16.043318+00:00,99e84b8a-7208-4b20-8081-348ba8af714b,congestion,h4,server,udp,4,1.78,300.4343,0.918,53.0,3643,6906,10.0,97.1,4,1000,19704
2026-10-09T15:06:43.933516+00:00,2351cdda-42f7-43cf-a0da-07ae965cb392,congestion,h1,server,udp,4,2.32,289.37350000000004,0.295,38.0,2652,6906,10.0,97.0,4,1000,19722
2026-10-09T15:06:43.953172+00:00,2351cdda-42f7-43cf-a0da-07ae965cb392,congestion,h2,server,udp,4,1.94,289.37350000000004,0.293,48.0,3344,6905,10.0,97.0,4,1000,19722
2026-10-09T15:06:43.973344+00:00,2351cdda-42f7-43cf-a0da-07ae965cb392,congestion,h3,server,udp,4,2.8,289.37350000000004,0.549,26.0,1783,6906,10.0,97.0,4,1000,19722
2026-10-09T15:06:43.984075+00:00,2351cdda-42f7-43cf-a0da-07ae965cb392,congestion,h4,server,udp,4,2.64,289.37350000000004,1.042,30.0,2071,6906,10.0,97.0,4,1000,19722
2026-10-09T15:10:22.257468+00:00,85c73f90-40ca-4728-9e50-a401a7273900,congestion,h1,server,udp,4,1.58,272.60833333333335,0.267,58.0,4014,6905,10.0,97.2,4,0,19716
2026-10-09T15:10:22.266938+00:00,85c73f90-40ca-4728-9e50-a401a7273900,congestion,h2,server,udp,4,3.2,272.60833333333335,0.535,15.0,1056,6906,10.0,97.2,4,0,19716
2026-10-09T15:10:22.293999+00:00,85c73f90-40ca-4728-9e50-a401a7273900,congestion,h3,server,udp,4,1.74,272.60833333333335,0.45,54.0,3721,6906,10.0,97.2,4,0,19716
2026-10-09T15:10:22.314672+00:00,85c73f90-40ca-4728-9e50-a401a7273900,congestion,h4,server,udp,4,3.2,272.60833333333335,0.83,15.0,1060,6906,10.0,97.2,4,0,19716
2026-10-09T15:16:03.227958+00:00,b6d3011e-53a8-4fea-a9a9-7506f4c77818,congestion,h1,server,udp,4,2.68,411.81949999999995,0.431,29.0,2004,6906,10.0,97.1,4,999,18388
2026-10-09T15:16:03.233816+00:00,b6d3011e-53a8-4fea-a9a9-7506f4c77818,congestion,h2,server,udp,4,3.29,411.81949999999995,0.563,13.0,890,6906,10.0,97.1,4,999,18388
2026-10-09T15:16:03.256705+00:00,b6d3011e-53a8-4fea-a9a9-7506f4c77818,congestion,h3,server,udp,4,1.86,411.81949999999995,0.317,51.0,3494,6906,10.0,97.1,4,999,18388
2026-10-09T15:16:03.267782+00:00,b6d3011e-53a8-4fea-a9a9-7506f4c77818,congestion,h4,server,udp,4,1.88,411.81949999999995,0.704,50.0,3467,6906,10.0,97.1,4,999,18388
2026-10-09T15:35:34.686435+00:00,d3d0a8b0-c3a7-4a70-b2cd-ef95a31c1e50,moderate,h1,server,udp,8.4,8.39,21.94425,0.075,0.0,0,14503,10.0,83.9,1,14,0
2026-10-09T15:39:34.136061+00:00,1de41fe7-bf7e-4dfe-a902-d9544d4e6078,moderate,h1,server,udp,8.6,8.59,21.14665,0.52,0.0,0,14848,10.0,85.9,1,17,0
2026-10-09T15:41:56.145238+00:00,b61a2bac-6078-4edf-8ddd-0489af2c644d,moderate,h1,server,udp,8.8,8.78,33.276947368421055,0.776,0.0,0,15193,10.0,87.8,1,134,0
2026-10-09T15:45:08.625043+00:00,65ed4f56-ecd1-45df-9eb7-d689628b1f49,moderate,h1,server,udp,8.8,8.79,23.309350000000002,0.232,0.0,0,15193,10.0,87.9,1,8,0
